{
  "Generation": 26,
  "Fitness": 31.932964,
  "FitnessComponents": {
    "WinRate": {
      "Score": 10.198274,
      "MaxScore": 35.0,
      "Percentage": 0.68965507,
      "Actual": 0.469,
      "Target": 0.45
    },
    "VictoryHP": {
      "Score": 6.65699,
      "MaxScore": 20.0,
      "Percentage": 0.7878095,
      "Actual": 0.4726626,
      "Target": 0.3
    },
    "GameLength": {
      "Score": 3.803069,
      "MaxScore": 10.0,
      "Percentage": 0.9001347,
      "Actual": 10.8375,
      "Target": 10.0
    },
    "CardViability": {
      "Score": 6.592466,
      "MaxScore": 20.0,
      "Percentage": 0.78017354,
      "ViableCards": 12,
      "TrapCards": 0
    },
    "ElitePerformance": {
      "Score": 3.476266,
      "MaxScore": 10.0,
      "Percentage": 0.8227848,
      "KillRate": 0.7468354
    },
    "Consistency": {
      "Score": 1.205894,
      "MaxScore": 5.0,
      "Percentage": 0.57083714
    }
  },
  "RoomDistribution": {
    "Weights": {
      "Monster": 51.394722,
      "Elite": 18.6648,
      "Event": 13.595014,
      "Shop": 10.95991,
      "Rest": 16.440035,
      "Total": 111.05448
    },
    "Percentages": {
      "Monster": 0.46278837,
      "Elite": 0.16806887,
      "Event": 0.12241752,
      "Shop": 0.09868949,
      "Rest": 0.14803576,
      "Combat": 0.6308572,
      "Recovery": 0.24672525
    },
    "StarRatings": {
      "MonsterRatio": 0.38032538,
      "EliteRatio": 0.65609545,
      "MonsterAvgStar": 1.3803253,
      "EliteAvgStar": 3.6560955,
      "OverallCombatDifficulty": 1.9866211
    },
    "RestHealingScalar": 1.1512618
  },
  "IsCriticalFailure": false,
  "Genome": {
    "GoldDropMultiplier": 0.33414954,
    "ShopPriceScalars": [
      0.0,
      1.0142096,
      0.90583074,
      0.97685164,
      1.1946875,
      1.0853243
    ],
    "HeroHealthScalar": 1.3817548,
    "HeroStartGoldScalar": 1.1896932,
    "HeroManaOffset": 1,
    "RoomTypeWeights": {
      "Monster": 51.394722,
      "Elite": 18.6648,
      "Event": 13.595014,
      "Shop": 10.95991,
      "Rest": 16.440035
    },
    "MonsterStarRatio": 0.38032538,
    "EliteStarRatio": 0.65609545,
    "RestHealingScalar": 1.1512618,
    "CardCostModifiers": {
      "strike": 0,
      "defend": 0,
      "quick_jab": 1,
      "cycle": 0,
      "heavy_blow": 0,
      "double_tap": 0,
      "shield_bash": 1,
      "scrounge": 1,
      "power_up": 0,
      "cleave": 0,
      "bunker_down": -1,
      "expose_weakness": 1,
      "piercing_shot": 0,
      "catalyst": 0,
      "barricade": 0,
      "battle_trance": 0,
      "demon_form": 1,
      "annihilate": -1,
      "adrenaline": 0,
      "ethereal_form": 1
    },
    "CardActionScalars": {
      "strike": [
        1.2785112
      ],
      "defend": [
        1.0270686
      ],
      "quick_jab": [
        1.0537232
      ],
      "cycle": [
        1.1895722
      ],
      "heavy_blow": [
        1.2987814
      ],
      "double_tap": [
        0.6312143,
        0.5
      ],
      "shield_bash": [
        0.9768286,
        1.4111141
      ],
      "scrounge": [
        0.8814844
      ],
      "power_up": [
        0.5597473
      ],
      "cleave": [
        0.97463477
      ],
      "bunker_down": [
        1.4015025
      ],
      "expose_weakness": [
        0.5146868
      ],
      "piercing_shot": [
        1.0247673,
        0.823295
      ],
      "catalyst": [
        1.4202883
      ],
      "barricade": [
        0.57569367
      ],
      "battle_trance": [
        1.0983881
      ],
      "demon_form": [
        1.3469809
      ],
      "annihilate": [
        1.4059075
      ],
      "adrenaline": [
        1.3665389,
        0.7840261
      ],
      "ethereal_form": [
        0.5
      ]
    },
    "EnemyHealthScalars": {
      "goblin": 1.5145329,
      "slime": 1.1866385,
      "kobold": 0.52682287,
      "gremlin": 0.75990736,
      "brute": 0.61841124,
      "cultist": 1.4402887,
      "assassin": 1.234982,
      "guardian_orb": 1.3893656,
      "slaver": 0.91244435,
      "ogre": 1.8,
      "sentinel": 0.4,
      "gremlin_leader": 0.81029296,
      "book_of_stabbing": 1.6196076,
      "giant_head": 0.97600085,
      "nemesis": 0.5810518,
      "reptomancer": 1.3750358,
      "dragon": 0.729712,
      "time_eater": 1.0794059,
      "bronze_automaton": 0.9083659,
      "lich_king": 1.4723171
    },
    "EnemyActionWeightScalars": {
      "goblin": [
        0.8588139,
        1.185286
      ],
      "slime": [
        1.0767775,
        1.4239069
      ],
      "kobold": [
        0.86524034,
        1.2219349
      ],
      "gremlin": [
        0.853623,
        1.0563848
      ],
      "brute": [
        0.70088387,
        1.1772718
      ],
      "cultist": [
        0.8976866,
        0.77099377
      ],
      "assassin": [
        1.2720308,
        0.8990632
      ],
      "guardian_orb": [
        1.3016381,
        1.3501873
      ],
      "slaver": [
        0.49722156,
        0.65964836,
        0.45817357
      ],
      "ogre": [
        0.9995057,
        0.76359785,
        1.1225812
      ],
      "sentinel": [
        1.2829037,
        1.2673881,
        1.0422648
      ],
      "gremlin_leader": [
        0.5146697,
        1.0538948,
        1.0377085
      ],
      "book_of_stabbing": [
        1.3453319,
        1.2695137,
        0.8104428
      ],
      "giant_head": [
        1.4963962,
        1.037812,
        0.78238827
      ],
      "nemesis": [
        1.2624253,
        0.7448459,
        0.957314
      ],
      "reptomancer": [
        1.1728865,
        0.98916954,
        1.06221
      ],
      "dragon": [
        0.87359154,
        1.1084019,
        1.0839688,
        1.038192
      ],
      "time_eater": [
        1.1356089,
        1.2740637,
        1.70657
      ],
      "bronze_automaton": [
        1.3051114,
        0.8264405,
        0.969584
      ],
      "lich_king": [
        1.2907383,
        0.86848307,
        0.5779661,
        0.61596596
      ]
    },
    "EnemyActionValueScalars": {
      "goblin": [
        0.6069849,
        1.0853436
      ],
      "slime": [
        1.2278769,
        1.4305271
      ],
      "kobold": [
        0.75391054,
        1.4217165
      ],
      "gremlin": [
        0.5557314,
        0.95171213
      ],
      "brute": [
        0.5,
        1.7600508
      ],
      "cultist": [
        1.0254931,
        1.4175252
      ],
      "assassin": [
        0.5637561,
        1.3615379
      ],
      "guardian_orb": [
        0.6170408,
        0.6724316
      ],
      "slaver": [
        0.72230285,
        0.7088661,
        0.9222019
      ],
      "ogre": [
        1.1031893,
        1.7610714,
        0.698523
      ],
      "sentinel": [
        1.6042013,
        0.66219956,
        1.3448185
      ],
      "gremlin_leader": [
        1.2498066,
        1.1678786,
        0.7106284
      ],
      "book_of_stabbing": [
        0.6270177,
        0.5,
        1.5411563
      ],
      "giant_head": [
        0.83960426,
        1.186357,
        0.5955031
      ],
      "nemesis": [
        1.2120062,
        1.4620988,
        0.8922142
      ],
      "reptomancer": [
        0.77735007,
        0.875484,
        0.88354814
      ],
      "dragon": [
        0.7672709,
        1.0448759,
        1.0254498,
        1.260127
      ],
      "time_eater": [
        1.1303917,
        0.5853044,
        1.339505
      ],
      "bronze_automaton": [
        1.5419474,
        0.86289036,
        1.3027824
      ],
      "lich_king": [
        0.63059664,
        0.7474591,
        0.7246908,
        1.0480614
      ]
    },
    "EffectValueScalars": {
      "card_shield_bash_weakened": 0.74363434,
      "card_power_up_strength": 1.0775574,
      "card_expose_weakness_vulnerable": 0.6748785,
      "card_piercing_shot_pierced": 1.206631,
      "card_catalyst_philosophical": 1.2671627,
      "card_demon_form_strength": 0.61159426,
      "card_adrenaline_philosophical": 0.76654875,