{
  "Generation": 19,
  "Fitness": 31.812227,
  "FitnessComponents": {
    "WinRate": {
      "Score": 9.988179,
      "MaxScore": 35.0,
      "Percentage": 0.6754474,
      "Actual": 0.431,
      "Target": 0.45
    },
    "VictoryHP": {
      "Score": 7.165596,
      "MaxScore": 20.0,
      "Percentage": 0.8479995,
      "Actual": 0.44355977,
      "Target": 0.3
    },
    "GameLength": {
      "Score": 3.20864,
      "MaxScore": 10.0,
      "Percentage": 0.7594414,
      "Actual": 11.35443,
      "Target": 10.0
    },
    "CardViability": {
      "Score": 6.689898,
      "MaxScore": 20.0,
      "Percentage": 0.79170394,
      "ViableCards": 13,
      "TrapCards": 0
    },
    "ElitePerformance": {
      "Score": 3.569745,
      "MaxScore": 10.0,
      "Percentage": 0.8449102,
      "KillRate": 0.77844316
    },
    "Consistency": {
      "Score": 1.19017,
      "MaxScore": 5.0,
      "Percentage": 0.5633939
    }
  },
  "RoomDistribution": {
    "Weights": {
      "Monster": 51.394722,
      "Elite": 18.6648,
      "Event": 22.128696,
      "Shop": 11.41188,
      "Rest": 16.440035,
      "Total": 120.04013
    },
    "Percentages": {
      "Monster": 0.42814615,
      "Elite": 0.15548801,
      "Event": 0.18434416,
      "Shop": 0.0950672,
      "Rest": 0.13695449,
      "Combat": 0.5836342,
      "Recovery": 0.23202169
    },
    "StarRatings": {
      "MonsterRatio": 0.38032538,
      "EliteRatio": 0.50306296,
      "MonsterAvgStar": 1.3803253,
      "EliteAvgStar": 3.503063,
      "OverallCombatDifficulty": 1.9458512
    },
    "RestHealingScalar": 1.1512618
  },
  "IsCriticalFailure": false,
  "Genome": {
    "GoldDropMultiplier": 0.32533503,
    "ShopPriceScalars": [
      0.0,
      0.8669245,
      0.90583074,
      0.97685164,
      1.1292053,
      1.0957025
    ],
    "HeroHealthScalar": 1.3775773,
    "HeroStartGoldScalar": 1.1258818,
    "HeroManaOffset": 1,
    "RoomTypeWeights": {
      "Monster": 51.394722,
      "Elite": 18.6648,
      "Event": 22.128696,
      "Shop": 11.41188,
      "Rest": 16.440035
    },
    "MonsterStarRatio": 0.38032538,
    "EliteStarRatio": 0.50306296,
    "RestHealingScalar": 1.1512618,
    "CardCostModifiers": {
      "strike": 0,
      "defend": 0,
      "quick_jab": 1,
      "cycle": 0,
      "heavy_blow": 1,
      "double_tap": 0,
      "shield_bash": 1,
      "scrounge": 1,
      "power_up": 1,
      "cleave": -1,
      "bunker_down": -1,
      "expose_weakness": 0,
      "piercing_shot": 1,
      "catalyst": 0,
      "barricade": 1,
      "battle_trance": 0,
      "demon_form": 1,
      "annihilate": 0,
      "adrenaline": 0,
      "ethereal_form": 1
    },
    "CardActionScalars": {
      "strike": [
        1.2785112
      ],
      "defend": [
        0.9682886
      ],
      "quick_jab": [
        1.4286081
      ],
      "cycle": [
        1.2493222
      ],
      "heavy_blow": [
        1.2987814
      ],
      "double_tap": [
        0.5086658,
        0.8891718
      ],
      "shield_bash": [
        0.69682777,
        0.61728734
      ],
      "scrounge": [
        0.58429205
      ],
      "power_up": [
        0.5408444
      ],
      "cleave": [
        0.97463477
      ],
      "bunker_down": [
        1.3759038
      ],
      "expose_weakness": [
        0.5146868
      ],
      "piercing_shot": [
        1.3790462,
        0.823295
      ],
      "catalyst": [
        1.4157637
      ],
      "barricade": [
        0.8973675
      ],
      "battle_trance": [
        1.0983881
      ],
      "demon_form": [
        1.3088816
      ],
      "annihilate": [
        1.4059075
      ],
      "adrenaline": [
        1.1587156,
        1.0380317
      ],
      "ethereal_form": [
        0.79698354
      ]
    },
    "EnemyHealthScalars": {
      "goblin": 1.58148,
      "slime": 0.41034323,
      "kobold": 0.7121307,
      "gremlin": 1.6824522,
      "brute": 0.61841124,
      "cultist": 1.4703681,
      "assassin": 1.2793496,
      "guardian_orb": 1.5574473,
      "slaver": 0.43112463,
      "ogre": 1.0098286,
      "sentinel": 0.4,
      "gremlin_leader": 0.9910112,
      "book_of_stabbing": 1.6196076,
      "giant_head": 1.2918816,
      "nemesis": 0.5810518,
      "reptomancer": 1.4144305,
      "dragon": 0.729712,
      "time_eater": 1.0794059,
      "bronze_automaton": 0.9083659,
      "lich_king": 1.2828388
    },
    "EnemyActionWeightScalars": {
      "goblin": [
        1.3336816,
        1.2486714
      ],
      "slime": [
        0.9807133,
        0.6480964
      ],
      "kobold": [
        1.2161826,
        1.2219349
      ],
      "gremlin": [
        0.853623,
        1.1413466
      ],
      "brute": [
        0.70088387,
        1.4150531
      ],
      "cultist": [
        0.572069,
        0.7243129
      ],
      "assassin": [
        0.7986545,
        0.8236317
      ],
      "guardian_orb": [
        0.94663864,
        0.76292455
      ],
      "slaver": [
        1.1525507,
        1.451409,
        0.46588302
      ],
      "ogre": [
        0.97365415,
        0.42148572,
        1.1225812
      ],
      "sentinel": [
        1.2829037,
        1.2673881,
        1.026856
      ],
      "gremlin_leader": [
        0.5146697,
        0.9186581,
        1.0377085
      ],
      "book_of_stabbing": [
        0.7810271,
        1.3744829,
        0.72075284
      ],
      "giant_head": [
        1.321786,
        1.2794988,
        0.83545786
      ],
      "nemesis": [
        1.2624253,
        1.3602225,
        0.951079
      ],
      "reptomancer": [
        1.1072222,
        0.98916954,
        1.1762573
      ],
      "dragon": [
        0.6213023,
        1.1095546,
        1.0839688,
        1.0785372
      ],
      "time_eater": [
        1.096808,
        0.9209129,
        1.4788091
      ],
      "bronze_automaton": [
        1.3051114,
        0.6291526,
        0.7836276
      ],
      "lich_king": [
        1.2676208,
        0.86848307,
        1.1039643,
        0.6946722
      ]
    },
    "EnemyActionValueScalars": {
      "goblin": [
        0.6069849,
        1.1723669
      ],
      "slime": [
        1.146065,
        1.1422609
      ],
      "kobold": [
        1.3853226,
        1.4217165
      ],
      "gremlin": [
        1.7060721,
        0.95171213
      ],
      "brute": [
        0.56949526,
        1.4233696
      ],
      "cultist": [
        0.9230055,
        0.9718535
      ],
      "assassin": [
        1.1210548,
        1.3615379
      ],
      "guardian_orb": [
        1.3138494,
        0.6724316
      ],
      "slaver": [
        0.641982,
        0.8471204,
        0.8063625
      ],
      "ogre": [
        1.0400543,
        1.7610714,
        0.7112422
      ],
      "sentinel": [
        1.4395316,
        0.5912298,
        1.2675729
      ],
      "gremlin_leader": [
        1.0509158,
        1.1936733,
        0.65000445
      ],
      "book_of_stabbing": [
        0.5851362,
        0.51037234,
        1.3567325
      ],
      "giant_head": [
        1.1444713,
        1.1341488,
        0.98293704
      ],
      "nemesis": [
        1.2250595,
        1.4061157,
        0.8922142
      ],
      "reptomancer": [
        0.77735007,
        1.7115725,
        0.81307393
      ],
      "dragon": [
        1.1482316,
        0.93510455,
        1.299738,
        0.90628666
      ],
      "time_eater": [
        1.1303917,
        0.5853044,
        0.5
      ],
      "bronze_automaton": [
        1.5419474,
        0.86289036,
        1.3027824
      ],
      "lich_king": [
        0.7143405,
        0.7474591,
        0.6400141,
        1.0480614
      ]
    },
    "EffectValueScalars": {
      "card_shield_bash_weakened": 0.76865923,
      "card_power_up_strength": 1.0775574,
      "card_expose_weakness_vulnerable": 1.2482833,
      "card_piercing_shot_pierced": 0.9695803,
      "card_catalyst_philosophical": 1.1451404,
      "card_demon_form_strength": 0.68177307,