{
  "Generation": 11,
  "Fitness": 32.018306,
  "FitnessComponents": {
    "WinRate": {
      "Score": 10.198274,
      "MaxScore": 35.0,
      "Percentage": 0.68965507,
      "Actual": 0.449,
      "Target": 0.45
    },
    "VictoryHP": {
      "Score": 6.99733,
      "MaxScore": 20.0,
      "Percentage": 0.8280864,
      "Actual": 0.45355693,
      "Target": 0.3
    },
    "GameLength": {
      "Score": 3.636491,
      "MaxScore": 10.0,
      "Percentage": 0.860708,
      "Actual": 11.0,
      "Target": 10.0
    },
    "CardViability": {
      "Score": 6.497121,
      "MaxScore": 20.0,
      "Percentage": 0.76889,
      "ViableCards": 14,
      "TrapCards": 0
    },
    "ElitePerformance": {
      "Score": 3.559562,
      "MaxScore": 10.0,
      "Percentage": 0.8425,
      "KillRate": 0.775
    },
    "Consistency": {
      "Score": 1.129531,
      "MaxScore": 5.0,
      "Percentage": 0.5346891
    }
  },
  "RoomDistribution": {
    "Weights": {
      "Monster": 59.734577,
      "Elite": 18.6648,
      "Event": 13.595014,
      "Shop": 14.529591,
      "Rest": 13.473985,
      "Total": 119.99797
    },
    "Percentages": {
      "Monster": 0.49779657,
      "Elite": 0.15554264,
      "Event": 0.11329369,
      "Shop": 0.12108197,
      "Rest": 0.11228511,
      "Combat": 0.6533392,
      "Recovery": 0.23336707
    },
    "StarRatings": {
      "MonsterRatio": 0.568573,
      "EliteRatio": 0.50306296,
      "MonsterAvgStar": 1.568573,
      "EliteAvgStar": 3.503063,
      "OverallCombatDifficulty": 2.0291235
    },
    "RestHealingScalar": 1.1387281
  },
  "IsCriticalFailure": false,
  "Genome": {
    "GoldDropMultiplier": 0.33308586,
    "ShopPriceScalars": [
      0.0,
      1.0098602,
      0.8409418,
      0.9695425,
      1.1734536,
      1.0642234
    ],
    "HeroHealthScalar": 1.3817548,
    "HeroStartGoldScalar": 1.1623371,
    "HeroManaOffset": 1,
    "RoomTypeWeights": {
      "Monster": 59.734577,
      "Elite": 18.6648,
      "Event": 13.595014,
      "Shop": 14.529591,
      "Rest": 13.473985
    },
    "MonsterStarRatio": 0.568573,
    "EliteStarRatio": 0.50306296,
    "RestHealingScalar": 1.1387281,
    "CardCostModifiers": {
      "strike": 0,
      "defend": 0,
      "quick_jab": 1,
      "cycle": 0,
      "heavy_blow": 0,
      "double_tap": 0,
      "shield_bash": 1,
      "scrounge": 1,
      "power_up": 0,
      "cleave": 0,
      "bunker_down": -1,
      "expose_weakness": 0,
      "piercing_shot": 0,
      "catalyst": 1,
      "barricade": 0,
      "battle_trance": 0,
      "demon_form": 1,
      "annihilate": 0,
      "adrenaline": -1,
      "ethereal_form": 1
    },
    "CardActionScalars": {
      "strike": [
        1.5
      ],
      "defend": [
        0.905714
      ],
      "quick_jab": [
        1.0295478
      ],
      "cycle": [
        1.1459703
      ],
      "heavy_blow": [
        1.2987814
      ],
      "double_tap": [
        1.2113765,
        0.6079629
      ],
      "shield_bash": [
        0.69682777,
        1.4111141
      ],
      "scrounge": [
        1.0085523
      ],
      "power_up": [
        0.6236282
      ],
      "cleave": [
        0.54741985
      ],
      "bunker_down": [
        1.3759038
      ],
      "expose_weakness": [
        0.95871884
      ],
      "piercing_shot": [
        1.3053057,
        0.823295
      ],
      "catalyst": [
        1.1191072
      ],
      "barricade": [
        0.6899494
      ],
      "battle_trance": [
        1.0983881
      ],
      "demon_form": [
        0.95643616
      ],
      "annihilate": [
        1.4712461
      ],
      "adrenaline": [
        1.1587156,
        1.018553
      ],
      "ethereal_form": [
        0.6028171
      ]
    },
    "EnemyHealthScalars": {
      "goblin": 1.4045787,
      "slime": 1.1866385,
      "kobold": 0.52682287,
      "gremlin": 0.69145167,
      "brute": 0.61841124,
      "cultist": 1.4703681,
      "assassin": 1.2793496,
      "guardian_orb": 1.7714778,
      "slaver": 1.3102134,
      "ogre": 1.0098286,
      "sentinel": 1.4897037,
      "gremlin_leader": 1.337373,
      "book_of_stabbing": 1.426272,
      "giant_head": 0.9356738,
      "nemesis": 0.4,
      "reptomancer": 0.8567574,
      "dragon": 0.9146792,
      "time_eater": 1.0794059,
      "bronze_automaton": 0.5999552,
      "lich_king": 1.2828388
    },
    "EnemyActionWeightScalars": {
      "goblin": [
        0.6456746,
        1.0989516
      ],
      "slime": [
        1.3168588,
        0.8401143
      ],
      "kobold": [
        1.0974807,
        1.242395
      ],
      "gremlin": [
        0.8573228,
        0.6052185
      ],
      "brute": [
        0.95311946,
        1.2843107
      ],
      "cultist": [
        0.7303321,
        0.7243129
      ],
      "assassin": [
        1.2720308,
        0.91765654
      ],
      "guardian_orb": [
        1.0694089,
        1.395164
      ],
      "slaver": [
        1.1695178,
        0.65964836,
        0.64318824
      ],
      "ogre": [
        0.91704774,
        0.6282324,
        1.1225812
      ],
      "sentinel": [
        1.047697,
        0.62237114,
        0.99842834
      ],
      "gremlin_leader": [
        1.0976977,
        0.84960234,
        0.51029104
      ],
      "book_of_stabbing": [
        1.3453319,
        1.3744829,
        0.72075284
      ],
      "giant_head": [
        1.4963962,
        1.2794988,
        1.1308081
      ],
      "nemesis": [
        0.6658252,
        0.6373111,
        1.2504903
      ],
      "reptomancer": [
        1.1072222,
        0.5553882,
        1.472822
      ],
      "dragon": [
        0.543997,
        1.1095546,
        1.0897504,
        1.0286667
      ],
      "time_eater": [
        1.096808,
        0.70353144,
        1.6769162
      ],
      "bronze_automaton": [
        1.3051114,
        1.3582976,
        1.0246575
      ],
      "lich_king": [
        0.6027117,
        0.63261414,
        0.6956574,
        0.72876763
      ]
    },
    "EnemyActionValueScalars": {
      "goblin": [
        0.695933,
        0.9256235
      ],
      "slime": [
        1.3254205,
        1.1414044
      ],
      "kobold": [
        1.5287693,
        1.1345843
      ],
      "gremlin": [
        1.5623809,
        0.5
      ],
      "brute": [
        0.6478777,
        1.7749128
      ],
      "cultist": [
        0.55319846,
        1.1170588
      ],
      "assassin": [
        1.1903582,
        1.6636366
      ],
      "guardian_orb": [
        0.5006905,
        0.6724316
      ],
      "slaver": [
        1.2181864,
        0.5854728,
        1.8
      ],
      "ogre": [
        0.9570367,
        1.8,
        0.6718765
      ],
      "sentinel": [
        1.6629164,
        0.5135581,
        0.6497379
      ],
      "gremlin_leader": [
        1.0509158,
        1.1442876,
        0.65000445
      ],
      "book_of_stabbing": [
        0.6270177,
        0.51037234,
        1.5411563
      ],
      "giant_head": [
        0.6562618,
        1.1051183,
        1.4927914
      ],
      "nemesis": [
        1.2250595,
        0.6715312,
        0.8079379
      ],
      "reptomancer": [
        0.77735007,
        1.7115725,
        1.2825902
      ],
      "dragon": [
        0.8490292,
        1.1822491,
        1.0047005,
        1.5338075
      ],
      "time_eater": [
        1.7721937,
        0.6566177,
        0.6869689
      ],
      "bronze_automaton": [
        1.6268291,
        1.3920143,
        0.9244952
      ],
      "lich_king": [
        0.6045964,
        1.5825075,
        1.2648814,
        1.0480614
      ]
    },
    "EffectValueScalars": {
      "card_shield_bash_weakened": 1.0050989,
      "card_power_up_strength": 1.0775574,
      "card_expose_weakness_vulnerable": 1.3877572,
      "card_piercing_shot_pierced": 0.87266976,
      "card_catalyst_philosophical": 0.8758842,
      "card_demon_form_strength": 0.54842377,
      "card_adrenaline_philosophical": 1.0392066,