{
  "Generation": 12,
  "Fitness": 31.779712,
  "FitnessComponents": {
    "WinRate": {
      "Score": 9.780092,
      "MaxScore": 35.0,
      "Percentage": 0.66137564,
      "Actual": 0.411,
      "Target": 0.45
    },
    "VictoryHP": {
      "Score": 7.45516,
      "MaxScore": 20.0,
      "Percentage": 0.8822675,
      "Actual": 0.42512995,
      "Target": 0.3
    },
    "GameLength": {
      "Score": 3.252605,
      "MaxScore": 10.0,
      "Percentage": 0.7698473,
      "Actual": 11.320513,
      "Target": 10.0
    },
    "CardViability": {
      "Score": 6.637933,
      "MaxScore": 20.0,
      "Percentage": 0.78555423,
      "ViableCards": 12,
      "TrapCards": 0
    },
    "ElitePerformance": {
      "Score": 3.412729,
      "MaxScore": 10.0,
      "Percentage": 0.8077465,
      "KillRate": 0.72535217
    },
    "Consistency": {
      "Score": 1.241193,
      "MaxScore": 5.0,
      "Percentage": 0.58754706
    }
  },
  "RoomDistribution": {
    "Weights": {
      "Monster": 43.425537,
      "Elite": 17.768206,
      "Event": 13.595014,
      "Shop": 11.41188,
      "Rest": 10.752378,
      "Total": 96.95302
    },
    "Percentages": {
      "Monster": 0.4479029,
      "Elite": 0.18326615,
      "Event": 0.1402227,
      "Shop": 0.117705256,
      "Rest": 0.11090298,
      "Combat": 0.631169,
      "Recovery": 0.22860822
    },
    "StarRatings": {
      "MonsterRatio": 0.38032538,
      "EliteRatio": 0.50306296,
      "MonsterAvgStar": 1.3803253,
      "EliteAvgStar": 3.503063,
      "OverallCombatDifficulty": 1.9966831
    },
    "RestHealingScalar": 1.1387281
  },
  "IsCriticalFailure": false,
  "Genome": {
    "GoldDropMultiplier": 0.6761512,
    "ShopPriceScalars": [
      0.0,
      0.8669245,
      0.90583074,
      0.9695425,
      1.067737,
      1.0957025
    ],
    "HeroHealthScalar": 1.3775773,
    "HeroStartGoldScalar": 1.1896932,
    "HeroManaOffset": 1,
    "RoomTypeWeights": {
      "Monster": 43.425537,
      "Elite": 17.768206,
      "Event": 13.595014,
      "Shop": 11.41188,
      "Rest": 10.752378
    },
    "MonsterStarRatio": 0.38032538,
    "EliteStarRatio": 0.50306296,
    "RestHealingScalar": 1.1387281,
    "CardCostModifiers": {
      "strike": 0,
      "defend": 0,
      "quick_jab": 1,
      "cycle": 0,
      "heavy_blow": 0,
      "double_tap": 0,
      "shield_bash": 0,
      "scrounge": 1,
      "power_up": 0,
      "cleave": -1,
      "bunker_down": 0,
      "expose_weakness": 0,
      "piercing_shot": 0,
      "catalyst": 1,
      "barricade": 0,
      "battle_trance": 0,
      "demon_form": 0,
      "annihilate": 0,
      "adrenaline": 0,
      "ethereal_form": 0
    },
    "CardActionScalars": {
      "strike": [
        1.2785112
      ],
      "defend": [
        0.90191054
      ],
      "quick_jab": [
        1.0295478
      ],
      "cycle": [
        0.6863564
      ],
      "heavy_blow": [
        1.2987814
      ],
      "double_tap": [
        0.5086658,
        0.6079629
      ],
      "shield_bash": [
        0.69682777,
        0.61728734
      ],
      "scrounge": [
        1.0085523
      ],
      "power_up": [
        0.64255345
      ],
      "cleave": [
        0.97463477
      ],
      "bunker_down": [
        1.3759038
      ],
      "expose_weakness": [
        0.8096822
      ],
      "piercing_shot": [
        1.3053057,
        0.823295
      ],
      "catalyst": [
        1.4202883
      ],
      "barricade": [
        0.7545246
      ],
      "battle_trance": [
        1.0983881
      ],
      "demon_form": [
        1.3088816
      ],
      "annihilate": [
        1.4059075
      ],
      "adrenaline": [
        0.93049467,
        0.7840261
      ],
      "ethereal_form": [
        0.72044384
      ]
    },
    "EnemyHealthScalars": {
      "goblin": 1.4045787,
      "slime": 0.76558274,
      "kobold": 0.5346091,
      "gremlin": 0.75990736,
      "brute": 0.61841124,
      "cultist": 1.4703681,
      "assassin": 1.2793496,
      "guardian_orb": 1.5574473,
      "slaver": 1.6207383,
      "ogre": 1.7962564,
      "sentinel": 1.7501804,
      "gremlin_leader": 1.337373,
      "book_of_stabbing": 1.4790174,
      "giant_head": 0.8484179,
      "nemesis": 0.6287806,
      "reptomancer": 1.3750358,
      "dragon": 0.8684757,
      "time_eater": 1.0794059,
      "bronze_automaton": 0.9083659,
      "lich_king": 1.2828388
    },
    "EnemyActionWeightScalars": {
      "goblin": [
        0.6456746,
        1.0232403
      ],
      "slime": [
        1.3168588,
        1.2220558
      ],
      "kobold": [
        1.1556507,
        0.94255847
      ],
      "gremlin": [
        1.0773722,
        0.6052185
      ],
      "brute": [
        0.6954716,
        1.2501003
      ],
      "cultist": [
        0.7303321,
        0.44023347
      ],
      "assassin": [
        1.1637994,
        0.924546
      ],
      "guardian_orb": [
        1.1182985,
        0.8769388
      ],
      "slaver": [
        0.5635583,
        0.65964836,
        0.6035693
      ],
      "ogre": [
        0.9995057,
        0.7525351,
        0.84344256
      ],
      "sentinel": [
        0.87113005,
        1.2673881,
        0.617666
      ],
      "gremlin_leader": [
        0.6595922,
        0.8282071,
        0.9230966
      ],
      "book_of_stabbing": [
        0.7810271,
        0.8471917,
        0.72075284
      ],
      "giant_head": [
        1.4963962,
        1.2794988,
        0.99449784
      ],
      "nemesis": [
        1.1184353,
        0.6373111,
        0.957314
      ],
      "reptomancer": [
        1.0322099,
        0.9372868,
        1.0484959
      ],
      "dragon": [
        0.7218826,
        0.6117554,
        1.0839688,
        1.0286667
      ],
      "time_eater": [
        1.1356089,
        1.411489,
        1.70657
      ],
      "bronze_automaton": [
        1.3051114,
        1.4220812,
        0.7836276
      ],
      "lich_king": [
        1.1420321,
        0.738191,
        0.7564318,
        1.6462793
      ]
    },
    "EnemyActionValueScalars": {
      "goblin": [
        0.695933,
        0.9669473
      ],
      "slime": [
        1.1406932,
        1.5459399
      ],
      "kobold": [
        1.6060385,
        1.008913
      ],
      "gremlin": [
        0.5557314,
        0.618285
      ],
      "brute": [
        0.56949526,
        1.7600508
      ],
      "cultist": [
        0.5,
        1.1170588
      ],
      "assassin": [
        1.1210548,
        1.1292082
      ],
      "guardian_orb": [
        1.2157953,
        1.2431734
      ],
      "slaver": [
        0.641982,
        0.91051495,
        1.1539029
      ],
      "ogre": [
        0.9570367,
        1.2021284,
        0.79991907
      ],
      "sentinel": [
        1.7660472,
        0.5135581,
        0.7330201
      ],
      "gremlin_leader": [
        1.0509158,
        1.1936733,
        0.68812764
      ],
      "book_of_stabbing": [
        0.6270177,
        0.9151777,
        1.5411563
      ],
      "giant_head": [
        1.2313112,
        1.1341488,
        0.6292036
      ],
      "nemesis": [
        1.2250595,
        1.4099706,
        0.8922142
      ],
      "reptomancer": [
        0.77735007,
        0.7179485,
        0.9676935
      ],
      "dragon": [
        1.3217831,
        1.0448759,
        1.0254498,
        1.260127
      ],
      "time_eater": [
        0.9381482,
        0.5853044,
        0.6869689
      ],
      "bronze_automaton": [
        1.5419474,
        0.86289036,
        1.3027824
      ],
      "lich_king": [
        0.67321223,
        0.61345685,
        1.2648814,
        1.0480614
      ]
    },
    "EffectValueScalars": {
      "card_shield_bash_weakened": 0.6905108,
      "card_power_up_strength": 1.0775574,
      "card_expose_weakness_vulnerable": 1.2579117,
      "card_piercing_shot_pierced": 1.3003429,
      "card_catalyst_philosophical": 1.1451404,
      "card_demon_form_strength": 0.68177307,