{
  "Generation": 5,
  "Fitness": 32.411998,
  "FitnessComponents": {
    "WinRate": {
      "Score": 10.198274,
      "MaxScore": 35.0,
      "Percentage": 0.68965507,
      "Actual": 0.416,
      "Target": 0.45
    },
    "VictoryHP": {
      "Score": 7.121211,
      "MaxScore": 20.0,
      "Percentage": 0.84274685,
      "Actual": 0.44623983,
      "Target": 0.3
    },
    "GameLength": {
      "Score": 4.084402,
      "MaxScore": 10.0,
      "Percentage": 0.9667225,
      "Actual": 10.475,
      "Target": 10.0
    },
    "CardViability": {
      "Score": 6.627999,
      "MaxScore": 20.0,
      "Percentage": 0.78437865,
      "ViableCards": 13,
      "TrapCards": 0
    },
    "ElitePerformance": {
      "Score": 3.321811,
      "MaxScore": 10.0,
      "Percentage": 0.7862276,
      "KillRate": 0.69461083
    },
    "Consistency": {
      "Score": 1.058299,
      "MaxScore": 5.0,
      "Percentage": 0.5009698
    }
  },
  "RoomDistribution": {
    "Weights": {
      "Monster": 59.734577,
      "Elite": 10.738151,
      "Event": 13.595014,
      "Shop": 11.41188,
      "Rest": 15.422039,
      "Total": 110.90166
    },
    "Percentages": {
      "Monster": 0.53862655,
      "Elite": 0.09682588,
      "Event": 0.122586206,
      "Shop": 0.10290089,
      "Rest": 0.1390605,
      "Combat": 0.6354524,
      "Recovery": 0.24196139
    },
    "StarRatings": {
      "MonsterRatio": 0.568573,
      "EliteRatio": 0.65609545,
      "MonsterAvgStar": 1.568573,
      "EliteAvgStar": 3.6560955,
      "OverallCombatDifficulty": 1.8866554
    },
    "RestHealingScalar": 1.1387281
  },
  "IsCriticalFailure": false,
  "Genome": {
    "GoldDropMultiplier": 0.6761512,
    "ShopPriceScalars": [
      0.0,
      0.84427494,
      1.1151087,
      1.100986,
      1.078936,
      1.0642234
    ],
    "HeroHealthScalar": 1.3817548,
    "HeroStartGoldScalar": 1.1896932,
    "HeroManaOffset": 1,
    "RoomTypeWeights": {
      "Monster": 59.734577,
      "Elite": 10.738151,
      "Event": 13.595014,
      "Shop": 11.41188,
      "Rest": 15.422039
    },
    "MonsterStarRatio": 0.568573,
    "EliteStarRatio": 0.65609545,
    "RestHealingScalar": 1.1387281,
    "CardCostModifiers": {
      "strike": 0,
      "defend": 0,
      "quick_jab": 1,
      "cycle": 0,
      "heavy_blow": 0,
      "double_tap": 0,
      "shield_bash": 0,
      "scrounge": 1,
      "power_up": 0,
      "cleave": 0,
      "bunker_down": 0,
      "expose_weakness": 0,
      "piercing_shot": 0,
      "catalyst": 0,
      "barricade": 0,
      "battle_trance": 0,
      "demon_form": -1,
      "annihilate": 0,
      "adrenaline": 0,
      "ethereal_form": 0
    },
    "CardActionScalars": {
      "strike": [
        0.9288619
      ],
      "defend": [
        1.2517534
      ],
      "quick_jab": [
        1.0295478
      ],
      "cycle": [
        1.1459703
      ],
      "heavy_blow": [
        1.2987814
      ],
      "double_tap": [
        1.1729726,
        0.7970849
      ],
      "shield_bash": [
        1.0142556,
        1.3422691
      ],
      "scrounge": [
        1.0085523
      ],
      "power_up": [
        0.5597473
      ],
      "cleave": [
        0.5
      ],
      "bunker_down": [
        1.3759038
      ],
      "expose_weakness": [
        0.5146868
      ],
      "piercing_shot": [
        1.0247673,
        0.823295
      ],
      "catalyst": [
        1.3813647
      ],
      "barricade": [
        0.57569367
      ],
      "battle_trance": [
        1.0983881
      ],
      "demon_form": [
        1.3088816
      ],
      "annihilate": [
        1.4059075
      ],
      "adrenaline": [
        0.57576764,
        1.0380317
      ],
      "ethereal_form": [
        1.2443118
      ]
    },
    "EnemyHealthScalars": {
      "goblin": 1.4045787,
      "slime": 0.41034323,
      "kobold": 0.52682287,
      "gremlin": 0.75990736,
      "brute": 0.45972237,
      "cultist": 1.0218962,
      "assassin": 1.2793496,
      "guardian_orb": 1.7714778,
      "slaver": 1.6207383,
      "ogre": 0.893864,
      "sentinel": 1.4897037,
      "gremlin_leader": 1.331321,
      "book_of_stabbing": 1.4790174,
      "giant_head": 1.2918816,
      "nemesis": 0.59215295,
      "reptomancer": 1.3750358,
      "dragon": 0.8684757,
      "time_eater": 1.4994414,
      "bronze_automaton": 0.46729717,
      "lich_king": 1.279504
    },
    "EnemyActionWeightScalars": {
      "goblin": [
        0.6456746,
        1.0232403
      ],
      "slime": [
        1.3168588,
        0.694743
      ],
      "kobold": [
        1.1556507,
        1.1038473
      ],
      "gremlin": [
        1.3675629,
        0.6052185
      ],
      "brute": [
        0.95311946,
        1.3250614
      ],
      "cultist": [
        0.7303321,
        0.7243129
      ],
      "assassin": [
        1.2720308,
        0.91765654
      ],
      "guardian_orb": [
        1.0694089,
        1.395164
      ],
      "slaver": [
        1.1695178,
        0.65964836,
        0.64318824
      ],
      "ogre": [
        1.4661,
        0.61063945,
        1.1225812
      ],
      "sentinel": [
        0.87113005,
        1.2673881,
        0.617666
      ],
      "gremlin_leader": [
        1.2502304,
        0.84960234,
        0.48247713
      ],
      "book_of_stabbing": [
        1.3453319,
        1.3744829,
        0.8712068
      ],
      "giant_head": [
        1.4848883,
        0.9671401,
        1.1308081
      ],
      "nemesis": [
        1.2915529,
        0.6373111,
        1.2504903
      ],
      "reptomancer": [
        1.1072222,
        0.790492,
        1.472822
      ],
      "dragon": [
        1.1527311,
        1.1095546,
        0.8990618,
        1.0286667
      ],
      "time_eater": [
        1.036701,
        0.9209129,
        0.76866096
      ],
      "bronze_automaton": [
        1.3051114,
        0.8264405,
        1.0246575
      ],
      "lich_king": [
        1.1420321,
        0.63261414,
        1.4494723,
        1.4536572
      ]
    },
    "EnemyActionValueScalars": {
      "goblin": [
        0.6069849,
        0.6939034
      ],
      "slime": [
        1.3254205,
        1.4603008
      ],
      "kobold": [
        1.7907263,
        0.9647602
      ],
      "gremlin": [
        1.4517835,
        0.618285
      ],
      "brute": [
        1.118403,
        1.7600508
      ],
      "cultist": [
        0.9230055,
        1.3161389
      ],
      "assassin": [
        0.5633832,
        1.6636366
      ],
      "guardian_orb": [
        1.2157953,
        1.1388295
      ],
      "slaver": [
        0.641982,
        0.6921721,
        1.7082633
      ],
      "ogre": [
        0.9570367,
        1.0909404,
        0.6718765
      ],
      "sentinel": [
        1.3895205,
        0.5135581,
        1.3787459
      ],
      "gremlin_leader": [
        1.0509158,
        1.4733366,
        0.9493865
      ],
      "book_of_stabbing": [
        1.4843826,
        0.51037234,
        1.5411563
      ],
      "giant_head": [
        1.2313112,
        1.1341488,
        0.8872522
      ],
      "nemesis": [
        1.2104553,
        0.7949148,
        0.8079379
      ],
      "reptomancer": [
        0.77735007,
        1.7115725,
        0.88354814
      ],
      "dragon": [
        0.7672709,
        1.1822491,
        1.0047005,
        1.2000197
      ],
      "time_eater": [
        1.042903,
        0.56067973,
        0.6869689
      ],
      "bronze_automaton": [
        1.5302924,
        1.3920143,
        1.3027824
      ],
      "lich_king": [
        0.7143405,
        0.61345685,
        0.6400141,
        1.0480614
      ]
    },
    "EffectValueScalars": {
      "card_shield_bash_weakened": 0.6905108,
      "card_power_up_strength": 1.0775574,
      "card_expose_weakness_vulnerable": 1.2579117,
      "card_piercing_shot_pierced": 0.8417911,
      "card_catalyst_philosophical": 1.0564096,
      "card_demon_form_strength": 1.1332446,
      "card_adrenaline_philosophical": 1.1072153,