{
  "Generation": 21,
  "Fitness": 32.117269,
  "FitnessComponents": {
    "WinRate": {
      "Score": 10.198274,
      "MaxScore": 35.0,
      "Percentage": 0.68965507,
      "Actual": 0.394,
      "Target": 0.45
    },
    "VictoryHP": {
      "Score": 6.860724,
      "MaxScore": 20.0,
      "Percentage": 0.81192,
      "Actual": 0.46138212,
      "Target": 0.3
    },
    "GameLength": {
      "Score": 4.210765,
      "MaxScore": 10.0,
      "Percentage": 0.9966307,
      "Actual": 10.15,
      "Target": 10.0
    },
    "CardViability": {
      "Score": 6.420495,
      "MaxScore": 20.0,
      "Percentage": 0.75982195,
      "ViableCards": 12,
      "TrapCards": 0
    },
    "ElitePerformance": {
      "Score": 3.245695,
      "MaxScore": 10.0,
      "Percentage": 0.7682119,
      "KillRate": 0.66887414
    },
    "Consistency": {
      "Score": 1.181311,
      "MaxScore": 5.0,
      "Percentage": 0.55920047
    }
  },
  "RoomDistribution": {
    "Weights": {
      "Monster": 51.394722,
      "Elite": 10.738151,
      "Event": 22.128696,
      "Shop": 11.41188,
      "Rest": 10.752378,
      "Total": 106.42583
    },
    "Percentages": {
      "Monster": 0.48291588,
      "Elite": 0.100897975,
      "Event": 0.207926,
      "Shop": 0.10722848,
      "Rest": 0.10103166,
      "Combat": 0.58381385,
      "Recovery": 0.20826013
    },
    "StarRatings": {
      "MonsterRatio": 0.568573,
      "EliteRatio": 0.50306296,
      "MonsterAvgStar": 1.568573,
      "EliteAvgStar": 3.503063,
      "OverallCombatDifficulty": 1.9029022
    },
    "RestHealingScalar": 1.043633
  },
  "IsCriticalFailure": false,
  "Genome": {
    "GoldDropMultiplier": 0.22904941,
    "ShopPriceScalars": [
      0.0,
      0.8116796,
      0.90583074,
      1.0323389,
      1.112986,
      1.0853243
    ],
    "HeroHealthScalar": 1.3775773,
    "HeroStartGoldScalar": 1.1896932,
    "HeroManaOffset": 1,
    "RoomTypeWeights": {
      "Monster": 51.394722,
      "Elite": 10.738151,
      "Event": 22.128696,
      "Shop": 11.41188,
      "Rest": 10.752378
    },
    "MonsterStarRatio": 0.568573,
    "EliteStarRatio": 0.50306296,
    "RestHealingScalar": 1.043633,
    "CardCostModifiers": {
      "strike": 0,
      "defend": 0,
      "quick_jab": 1,
      "cycle": 0,
      "heavy_blow": 1,
      "double_tap": 0,
      "shield_bash": 1,
      "scrounge": 1,
      "power_up": 1,
      "cleave": -1,
      "bunker_down": 0,
      "expose_weakness": 0,
      "piercing_shot": 1,
      "catalyst": 0,
      "barricade": -1,
      "battle_trance": 0,
      "demon_form": 1,
      "annihilate": -1,
      "adrenaline": -1,
      "ethereal_form": 1
    },
    "CardActionScalars": {
      "strike": [
        1.152368
      ],
      "defend": [
        0.90191054
      ],
      "quick_jab": [
        1.4286081
      ],
      "cycle": [
        0.8322069
      ],
      "heavy_blow": [
        1.2987814
      ],
      "double_tap": [
        0.5086658,
        0.6867668
      ],
      "shield_bash": [
        0.92392766,
        0.61728734
      ],
      "scrounge": [
        0.58429205
      ],
      "power_up": [
        0.5408444
      ],
      "cleave": [
        0.97463477
      ],
      "bunker_down": [
        1.4559593
      ],
      "expose_weakness": [
        0.65878546
      ],
      "piercing_shot": [
        1.2067399,
        0.823295
      ],
      "catalyst": [
        1.4157637
      ],
      "barricade": [
        0.8973675
      ],
      "battle_trance": [
        1.0983881
      ],
      "demon_form": [
        1.3088816
      ],
      "annihilate": [
        1.4059075
      ],
      "adrenaline": [
        1.2897422,
        1.0380317
      ],
      "ethereal_form": [
        0.79698354
      ]
    },
    "EnemyHealthScalars": {
      "goblin": 1.58148,
      "slime": 1.1866385,
      "kobold": 0.7121307,
      "gremlin": 1.6824522,
      "brute": 0.62020826,
      "cultist": 1.4703681,
      "assassin": 1.2793496,
      "guardian_orb": 1.5574473,
      "slaver": 0.43112463,
      "ogre": 1.0098286,
      "sentinel": 0.72384936,
      "gremlin_leader": 1.1412596,
      "book_of_stabbing": 1.7413266,
      "giant_head": 1.2918816,
      "nemesis": 0.5810518,
      "reptomancer": 0.6543344,
      "dragon": 0.6836555,
      "time_eater": 1.0794059,
      "bronze_automaton": 0.9083659,
      "lich_king": 1.2828388
    },
    "EnemyActionWeightScalars": {
      "goblin": [
        1.3336816,
        1.0232403
      ],
      "slime": [
        0.9807133,
        1.2668536
      ],
      "kobold": [
        1.2324975,
        0.89499557
      ],
      "gremlin": [
        0.853623,
        0.87740344
      ],
      "brute": [
        0.3152913,
        1.1772718
      ],
      "cultist": [
        0.7303321,
        0.7243129
      ],
      "assassin": [
        1.2720308,
        0.8236317
      ],
      "guardian_orb": [
        1.3455162,
        0.76292455
      ],
      "slaver": [
        1.1525507,
        1.451409,
        0.46588302
      ],
      "ogre": [
        1.068096,
        0.76359785,
        1.1225812
      ],
      "sentinel": [
        0.80169785,
        1.2746582,
        1.026856
      ],
      "gremlin_leader": [
        0.5146697,
        0.8282071,
        1.0377085
      ],
      "book_of_stabbing": [
        0.9482478,
        1.3744829,
        0.81853265
      ],
      "giant_head": [
        1.3154371,
        1.2794988,
        0.99449784
      ],
      "nemesis": [
        1.2624253,
        0.6373111,
        1.2504903
      ],
      "reptomancer": [
        0.70699584,
        0.790492,
        0.9862428
      ],
      "dragon": [
        0.6211446,
        1.1095546,
        0.91326845,
        1.2217119
      ],
      "time_eater": [
        1.1416857,
        0.9209129,
        1.5521767
      ],
      "bronze_automaton": [
        1.3051114,
        0.6291526,
        0.7836276
      ],
      "lich_king": [
        1.1512134,
        0.86848307,
        0.74744475,
        1.4995394
      ]
    },
    "EnemyActionValueScalars": {
      "goblin": [
        0.6069849,
        1.0845969
      ],
      "slime": [
        1.1709161,
        1.483605
      ],
      "kobold": [
        1.3853226,
        1.4217165
      ],
      "gremlin": [
        0.5557314,
        0.5
      ],
      "brute": [
        0.56949526,
        1.3383052
      ],
      "cultist": [
        0.9230055,
        1.46633
      ],
      "assassin": [
        1.1210548,
        1.3615379
      ],
      "guardian_orb": [
        0.8119451,
        1.1665118
      ],
      "slaver": [
        0.641982,
        0.7088661,
        0.81390685
      ],
      "ogre": [
        1.0400543,
        1.7610714,
        0.6388692
      ],
      "sentinel": [
        1.4395316,
        0.5135581,
        1.3616757
      ],
      "gremlin_leader": [
        0.8971677,
        1.2689327,
        0.66515034
      ],
      "book_of_stabbing": [
        0.5851362,
        0.51037234,
        1.6284163
      ],
      "giant_head": [
        1.1444713,
        1.1341488,
        0.8872522
      ],
      "nemesis": [
        1.2250595,
        1.4061157,
        0.9451104
      ],
      "reptomancer": [
        0.77735007,
        1.7115725,
        0.88354814
      ],
      "dragon": [
        1.3128566,
        0.93510455,
        1.299738,
        0.90628666
      ],
      "time_eater": [
        1.7721937,
        0.5,
        0.79970837
      ],
      "bronze_automaton": [
        1.5419474,
        0.86289036,
        0.7876886
      ],
      "lich_king": [
        0.7143405,
        0.61345685,
        0.6308747,
        1.177724
      ]
    },
    "EffectValueScalars": {
      "card_shield_bash_weakened": 0.76865923,
      "card_power_up_strength": 1.0775574,
      "card_expose_weakness_vulnerable": 0.97944975,
      "card_piercing_shot_pierced": 0.9695803,
      "card_catalyst_philosophical": 1.1451404,
      "card_demon_form_strength": 0.6935837,