{
  "Generation": 6,
  "Fitness": 31.188908,
  "FitnessComponents": {
    "WinRate": {
      "Score": 10.198274,
      "MaxScore": 35.0,
      "Percentage": 0.68965507,
      "Actual": 0.416,
      "Target": 0.45
    },
    "VictoryHP": {
      "Score": 6.197144,
      "MaxScore": 20.0,
      "Percentage": 0.73338974,
      "Actual": 0.496875,
      "Target": 0.3
    },
    "GameLength": {
      "Score": 3.741622,
      "MaxScore": 10.0,
      "Percentage": 0.88559115,
      "Actual": 10.9,
      "Target": 10.0
    },
    "CardViability": {
      "Score": 6.489365,
      "MaxScore": 20.0,
      "Percentage": 0.7679722,
      "ViableCards": 12,
      "TrapCards": 0
    },
    "ElitePerformance": {
      "Score": 3.345744,
      "MaxScore": 10.0,
      "Percentage": 0.79189193,
      "KillRate": 0.7027027
    },
    "Consistency": {
      "Score": 1.216756,
      "MaxScore": 5.0,
      "Percentage": 0.57597935
    }
  },
  "RoomDistribution": {
    "Weights": {
      "Monster": 49.43075,
      "Elite": 20.98713,
      "Event": 13.595014,
      "Shop": 12.933643,
      "Rest": 19.849506,
      "Total": 116.796036
    },
    "Percentages": {
      "Monster": 0.42322287,
      "Elite": 0.17969042,
      "Event": 0.116399616,
      "Shop": 0.110737,
      "Rest": 0.16995017,
      "Combat": 0.60291326,
      "Recovery": 0.28068718
    },
    "StarRatings": {
      "MonsterRatio": 0.568573,
      "EliteRatio": 0.46521083,
      "MonsterAvgStar": 1.568573,
      "EliteAvgStar": 3.465211,
      "OverallCombatDifficulty": 2.1338413
    },
    "RestHealingScalar": 1.1512618
  },
  "IsCriticalFailure": false,
  "Genome": {
    "GoldDropMultiplier": 0.6761512,
    "ShopPriceScalars": [
      0.0,
      1.0151418,
      0.8409418,
      1.0323389,
      0.8782916,
      1.0642234
    ],
    "HeroHealthScalar": 1.2014414,
    "HeroStartGoldScalar": 1.1896932,
    "HeroManaOffset": 0,
    "RoomTypeWeights": {
      "Monster": 49.43075,
      "Elite": 20.98713,
      "Event": 13.595014,
      "Shop": 12.933643,
      "Rest": 19.849506
    },
    "MonsterStarRatio": 0.568573,
    "EliteStarRatio": 0.46521083,
    "RestHealingScalar": 1.1512618,
    "CardCostModifiers": {
      "strike": 0,
      "defend": 0,
      "quick_jab": 0,
      "cycle": 0,
      "heavy_blow": 0,
      "double_tap": 0,
      "shield_bash": 0,
      "scrounge": 1,
      "power_up": 0,
      "cleave": 0,
      "bunker_down": 0,
      "expose_weakness": 0,
      "piercing_shot": 0,
      "catalyst": 0,
      "barricade": 0,
      "battle_trance": 0,
      "demon_form": -1,
      "annihilate": 0,
      "adrenaline": 0,
      "ethereal_form": 0
    },
    "CardActionScalars": {
      "strike": [
        1.4010804
      ],
      "defend": [
        1.3223417
      ],
      "quick_jab": [
        1.4286081
      ],
      "cycle": [
        1.2239594
      ],
      "heavy_blow": [
        1.2987814
      ],
      "double_tap": [
        0.5086658,
        0.7970849
      ],
      "shield_bash": [
        1.0142556,
        1.3422691
      ],
      "scrounge": [
        1.0085523
      ],
      "power_up": [
        0.64255345
      ],
      "cleave": [
        0.6635829
      ],
      "bunker_down": [
        1.120747
      ],
      "expose_weakness": [
        0.95871884
      ],
      "piercing_shot": [
        0.9126783,
        0.98189926
      ],
      "catalyst": [
        0.5406465
      ],
      "barricade": [
        0.57569367
      ],
      "battle_trance": [
        1.4592882
      ],
      "demon_form": [
        1.3088816
      ],
      "annihilate": [
        1.4059075
      ],
      "adrenaline": [
        0.57576764,
        1.0380317
      ],
      "ethereal_form": [
        1.2443118
      ]
    },
    "EnemyHealthScalars": {
      "goblin": 0.9527641,
      "slime": 0.76558274,
      "kobold": 0.52682287,
      "gremlin": 1.5074471,
      "brute": 0.45972237,
      "cultist": 0.76831084,
      "assassin": 1.1544288,
      "guardian_orb": 1.1701895,
      "slaver": 0.89926,
      "ogre": 1.6745445,
      "sentinel": 1.4897037,
      "gremlin_leader": 1.1412596,
      "book_of_stabbing": 1.4790174,
      "giant_head": 1.623072,
      "nemesis": 0.59215295,
      "reptomancer": 1.4144305,
      "dragon": 0.4767338,
      "time_eater": 1.3174666,
      "bronze_automaton": 0.46729717,
      "lich_king": 1.4170283
    },
    "EnemyActionWeightScalars": {
      "goblin": [
        0.5551394,
        1.2050803
      ],
      "slime": [
        1.3168588,
        1.3031934
      ],
      "kobold": [
        1.1556507,
        1.242395
      ],
      "gremlin": [
        1.3675629,
        0.87740344
      ],
      "brute": [
        0.6954716,
        1.1772718
      ],
      "cultist": [
        1.2375805,
        0.7243129
      ],
      "assassin": [
        0.9219593,
        0.9980559
      ],
      "guardian_orb": [
        1.1465056,
        1.4342722
      ],
      "slaver": [
        0.6760302,
        0.65964836,
        1.2236733
      ],
      "ogre": [
        1.4661,
        0.6282324,
        0.51714355
      ],
      "sentinel": [
        0.87113005,
        1.3746393,
        1.026856
      ],
      "gremlin_leader": [
        1.340652,
        0.84960234,
        0.48247713
      ],
      "book_of_stabbing": [
        1.3453319,
        1.3744829,
        0.8712068
      ],
      "giant_head": [
        0.7731276,
        1.147452,
        0.83545786
      ],
      "nemesis": [
        1.2915529,
        1.3170727,
        1.4404402
      ],
      "reptomancer": [
        1.1921163,
        1.597592,
        1.0484959
      ],
      "dragon": [
        0.7283611,
        1.1095546,
        1.0839688,
        1.1085626
      ],
      "time_eater": [
        0.69152665,
        0.9209129,
        0.84513766
      ],
      "bronze_automaton": [
        1.2318932,
        0.9637073,
        0.8580296
      ],
      "lich_king": [
        1.2426786,
        0.86848307,
        1.4494723,
        0.6946722
      ]
    },
    "EnemyActionValueScalars": {
      "goblin": [
        0.6069849,
        1.6093258
      ],
      "slime": [
        1.0284054,
        1.0033971
      ],
      "kobold": [
        1.1034662,
        1.1345843
      ],
      "gremlin": [
        1.4517835,
        0.95171213
      ],
      "brute": [
        0.52017725,
        1.7600508
      ],
      "cultist": [
        1.4365029,
        1.1720229
      ],
      "assassin": [
        0.8737806,
        1.0839224
      ],
      "guardian_orb": [
        0.57299113,
        1.1388295
      ],
      "slaver": [
        0.52103645,
        0.9716393,
        0.8063625
      ],
      "ogre": [
        0.6389756,
        1.6584783,
        0.56908405
      ],
      "sentinel": [
        1.552495,
        1.0309148,
        1.4198606
      ],
      "gremlin_leader": [
        1.1434431,
        1.2790122,
        0.66515034
      ],
      "book_of_stabbing": [
        0.54046285,
        1.5224788,
        1.5411563
      ],
      "giant_head": [
        1.2313112,
        1.4477744,
        0.8872522
      ],
      "nemesis": [
        0.5163442,
        1.2580792,
        0.8079379
      ],
      "reptomancer": [
        0.77735007,
        1.7115725,
        0.88354814
      ],
      "dragon": [
        0.9734012,
        1.1822491,
        1.0047005,
        1.2000197
      ],
      "time_eater": [
        1.0725307,
        0.56067973,
        1.2052758
      ],
      "bronze_automaton": [
        1.5210333,
        0.86289036,
        1.3027824
      ],
      "lich_king": [
        0.7143405,
        0.61345685,
        0.6400141,
        1.177724
      ]
    },
    "EffectValueScalars": {
      "card_shield_bash_weakened": 1.194249,
      "card_power_up_strength": 1.0775574,
      "card_expose_weakness_vulnerable": 0.7573473,
      "card_piercing_shot_pierced": 0.87266976,
      "card_catalyst_philosophical": 1.1451404,
      "card_demon_form_strength": 0.68177307,