{
  "Generation": 8,
  "Fitness": 31.727004,
  "FitnessComponents": {
    "WinRate": {
      "Score": 9.780092,
      "MaxScore": 35.0,
      "Percentage": 0.66137564,
      "Actual": 0.422,
      "Target": 0.45
    },
    "VictoryHP": {
      "Score": 7.21845,
      "MaxScore": 20.0,
      "Percentage": 0.85425436,
      "Actual": 0.44032386,
      "Target": 0.3
    },
    "GameLength": {
      "Score": 3.397939,
      "MaxScore": 10.0,
      "Percentage": 0.8042458,
      "Actual": 11.205129,
      "Target": 10.0
    },
    "CardViability": {
      "Score": 6.506068,
      "MaxScore": 20.0,
      "Percentage": 0.76994884,
      "ViableCards": 12,
      "TrapCards": 0
    },
    "ElitePerformance": {
      "Score": 3.562748,
      "MaxScore": 10.0,
      "Percentage": 0.84325397,
      "KillRate": 0.7959184
    },
    "Consistency": {
      "Score": 1.261709,
      "MaxScore": 5.0,
      "Percentage": 0.59725845
    }
  },
  "RoomDistribution": {
    "Weights": {
      "Monster": 43.425537,
      "Elite": 10.738151,
      "Event": 13.595014,
      "Shop": 11.41188,
      "Rest": 15.422039,
      "Total": 94.59262
    },
    "Percentages": {
      "Monster": 0.45907953,
      "Elite": 0.11351996,
      "Event": 0.14372171,
      "Shop": 0.12064239,
      "Rest": 0.16303639,
      "Combat": 0.57259953,
      "Recovery": 0.28367877
    },
    "StarRatings": {
      "MonsterRatio": 0.568573,
      "EliteRatio": 0.65609545,
      "MonsterAvgStar": 1.568573,
      "EliteAvgStar": 3.6560955,
      "OverallCombatDifficulty": 1.982432
    },
    "RestHealingScalar": 1.1387281
  },
  "IsCriticalFailure": false,
  "Genome": {
    "GoldDropMultiplier": 0.6761512,
    "ShopPriceScalars": [
      0.0,
      0.8669245,
      0.8409418,
      0.9695425,
      0.8684106,
      1.0642234
    ],
    "HeroHealthScalar": 1.3775773,
    "HeroStartGoldScalar": 0.98103166,
    "HeroManaOffset": 1,
    "RoomTypeWeights": {
      "Monster": 43.425537,
      "Elite": 10.738151,
      "Event": 13.595014,
      "Shop": 11.41188,
      "Rest": 15.422039
    },
    "MonsterStarRatio": 0.568573,
    "EliteStarRatio": 0.65609545,
    "RestHealingScalar": 1.1387281,
    "CardCostModifiers": {
      "strike": 0,
      "defend": 0,
      "quick_jab": 1,
      "cycle": 0,
      "heavy_blow": 0,
      "double_tap": 0,
      "shield_bash": 0,
      "scrounge": 1,
      "power_up": 0,
      "cleave": 0,
      "bunker_down": 0,
      "expose_weakness": 0,
      "piercing_shot": 0,
      "catalyst": 1,
      "barricade": 1,
      "battle_trance": 0,
      "demon_form": 0,
      "annihilate": 0,
      "adrenaline": 0,
      "ethereal_form": 0
    },
    "CardActionScalars": {
      "strike": [
        1.5
      ],
      "defend": [
        0.90191054
      ],
      "quick_jab": [
        1.0295478
      ],
      "cycle": [
        0.6863564
      ],
      "heavy_blow": [
        1.2987814
      ],
      "double_tap": [
        0.5086658,
        0.7970849
      ],
      "shield_bash": [
        0.69682777,
        1.3127189
      ],
      "scrounge": [
        1.0705224
      ],
      "power_up": [
        0.64255345
      ],
      "cleave": [
        0.54741985
      ],
      "bunker_down": [
        1.3214564
      ],
      "expose_weakness": [
        0.8096822
      ],
      "piercing_shot": [
        1.3053057,
        0.58075607
      ],
      "catalyst": [
        1.4202883
      ],
      "barricade": [
        0.7545246
      ],
      "battle_trance": [
        1.0983881
      ],
      "demon_form": [
        1.3088816
      ],
      "annihilate": [
        0.80219156
      ],
      "adrenaline": [
        1.1587156,
        1.0380317
      ],
      "ethereal_form": [
        0.79698354
      ]
    },
    "EnemyHealthScalars": {
      "goblin": 1.6689422,
      "slime": 1.1866385,
      "kobold": 0.5346091,
      "gremlin": 0.75990736,
      "brute": 0.61841124,
      "cultist": 1.4703681,
      "assassin": 1.2793496,
      "guardian_orb": 1.5574473,
      "slaver": 1.3102134,
      "ogre": 1.3947434,
      "sentinel": 1.4897037,
      "gremlin_leader": 1.337373,
      "book_of_stabbing": 1.4790174,
      "giant_head": 0.9356738,
      "nemesis": 0.64548945,
      "reptomancer": 0.6543344,
      "dragon": 0.8684757,
      "time_eater": 1.3427445,
      "bronze_automaton": 0.9083659,
      "lich_king": 1.279504
    },
    "EnemyActionWeightScalars": {
      "goblin": [
        0.6456746,
        1.0989516
      ],
      "slime": [
        1.3168588,
        1.2220558
      ],
      "kobold": [
        1.2324975,
        0.89499557
      ],
      "gremlin": [
        1.3675629,
        0.6052185
      ],
      "brute": [
        0.6838825,
        1.2843107
      ],
      "cultist": [
        0.7303321,
        0.7243129
      ],
      "assassin": [
        1.2720308,
        0.924546
      ],
      "guardian_orb": [
        1.4003744,
        1.4342722
      ],
      "slaver": [
        0.5635583,
        0.65964836,
        0.64318824
      ],
      "ogre": [
        0.9995057,
        0.7525351,
        1.1225812
      ],
      "sentinel": [
        1.1375967,
        1.2673881,
        0.617666
      ],
      "gremlin_leader": [
        1.0976977,
        0.84960234,
        0.9230966
      ],
      "book_of_stabbing": [
        0.7810271,
        1.3744829,
        0.89487433
      ],
      "giant_head": [
        0.71753305,
        0.99207187,
        0.97825503
      ],
      "nemesis": [
        1.1184353,
        1.3170727,
        1.2504903
      ],
      "reptomancer": [
        0.95629823,
        0.79328066,
        1.472822
      ],
      "dragon": [
        0.7283611,
        0.68414927,
        0.8313573,
        1.0286667
      ],
      "time_eater": [
        1.036701,
        1.3784721,
        1.70657
      ],
      "bronze_automaton": [
        1.3051114,
        1.4220812,
        1.0246575
      ],
      "lich_king": [
        1.0966315,
        1.2344594,
        0.6956574,
        1.3397593
      ]
    },
    "EnemyActionValueScalars": {
      "goblin": [
        0.695933,
        1.0853436
      ],
      "slime": [
        0.90522736,
        1.1414044
      ],
      "kobold": [
        1.5287693,
        1.2343539
      ],
      "gremlin": [
        0.5557314,
        0.618285
      ],
      "brute": [
        0.56949526,
        1.4233696
      ],
      "cultist": [
        0.9230055,
        1.1170588
      ],
      "assassin": [
        1.1210548,
        1.0839224
      ],
      "guardian_orb": [
        1.2157953,
        1.2431734
      ],
      "slaver": [
        1.2181864,
        0.6921721,
        1.6445394
      ],
      "ogre": [
        0.9570367,
        1.2021284,
        0.79991907
      ],
      "sentinel": [
        1.3895205,
        1.0309148,
        0.7330201
      ],
      "gremlin_leader": [
        1.0509158,
        1.1442876,
        0.68812764
      ],
      "book_of_stabbing": [
        0.5,
        1.676925,
        1.5411563
      ],
      "giant_head": [
        0.909121,
        1.1341488,
        0.6292036
      ],
      "nemesis": [
        1.2250595,
        1.4099706,
        0.8079379
      ],
      "reptomancer": [
        1.7638341,
        0.7179485,
        0.9676935
      ],
      "dragon": [
        0.8490292,
        1.0448759,
        1.0047005,
        1.2000197
      ],
      "time_eater": [
        0.9381482,
        0.5853044,
        1.525797
      ],
      "bronze_automaton": [
        0.67555237,
        1.3920143,
        1.305618
      ],
      "lich_king": [
        0.7143405,
        1.5825075,
        1.2648814,
        1.0480614
      ]
    },
    "EffectValueScalars": {
      "card_shield_bash_weakened": 0.70824367,
      "card_power_up_strength": 1.0775574,
      "card_expose_weakness_vulnerable": 1.3877572,
      "card_piercing_shot_pierced": 1.1587545,
      "card_catalyst_philosophical": 1.1451404,
      "card_demon_form_strength": 1.1782467,
      "card_adrenaline_philosophical": 0.64069426,